-- phpMyAdmin SQL Dump
-- version 4.5.2
-- http://www.phpmyadmin.net
--
-- Host: localhost
-- Generation Time: 2020-02-23 12:40:05
-- 服务器版本： 10.1.10-MariaDB
-- PHP Version: 7.0.2

SET SQL_MODE = "NO_AUTO_VALUE_ON_ZERO";
SET time_zone = "+00:00";


/*!40101 SET @OLD_CHARACTER_SET_CLIENT=@@CHARACTER_SET_CLIENT */;
/*!40101 SET @OLD_CHARACTER_SET_RESULTS=@@CHARACTER_SET_RESULTS */;
/*!40101 SET @OLD_COLLATION_CONNECTION=@@COLLATION_CONNECTION */;
/*!40101 SET NAMES utf8mb4 */;

--
-- Database: `bick`
--

-- --------------------------------------------------------

--
-- 表的结构 `bk_admin`
--

CREATE TABLE `bk_admin` (
  `id` mediumint(9) NOT NULL COMMENT '管理员ID',
  `name` varchar(30) NOT NULL COMMENT '管理员名称',
  `password` char(32) NOT NULL COMMENT '管理员密码'
) ENGINE=InnoDB DEFAULT CHARSET=utf8;

--
-- 转存表中的数据 `bk_admin`
--

INSERT INTO `bk_admin` (`id`, `name`, `password`) VALUES
(21, 'admin', 'e10adc3949ba59abbe56e057f20f883e'),
(22, 'admin000', 'e10adc3949ba59abbe56e057f20f883e'),
(23, 'admin123', 'e10adc3949ba59abbe56e057f20f883e');

-- --------------------------------------------------------

--
-- 表的结构 `bk_article`
--

CREATE TABLE `bk_article` (
  `id` mediumint(9) NOT NULL COMMENT '文章id',
  `title` varchar(60) NOT NULL COMMENT '文章标题',
  `keywords` varchar(100) NOT NULL COMMENT '关键字',
  `desc` varchar(255) NOT NULL COMMENT '描述',
  `author` varchar(30) NOT NULL COMMENT '作者',
  `thumb` varchar(160) NOT NULL COMMENT '缩略图',
  `content` text NOT NULL COMMENT '内容',
  `click` mediumint(9) NOT NULL DEFAULT '0' COMMENT '点击数',
  `zan` mediumint(9) NOT NULL DEFAULT '0' COMMENT '点赞数',
  `rec` tinyint(4) NOT NULL DEFAULT '0' COMMENT '0:不推荐,1:推荐',
  `time` int(10) NOT NULL COMMENT '发布时间',
  `cateid` mediumint(9) NOT NULL COMMENT '所属栏目'
) ENGINE=InnoDB DEFAULT CHARSET=utf8;

--
-- 转存表中的数据 `bk_article`
--

INSERT INTO `bk_article` (`id`, `title`, `keywords`, `desc`, `author`, `thumb`, `content`, `click`, `zan`, `rec`, `time`, `cateid`) VALUES
(5, '777', '111', '是是是', '1', '/tp5/public\\uploads/20191202\\c5dd6a6dde4cafa9210bdbdc20938e39.JPG', '<p>哈哈哈</p>', 1, 0, 0, 0, 23),
(6, '1', '', '', '', '', '', 0, 0, 0, 0, 23),
(7, 'adas', 'sad ', 'ad ', 'asds ', '', '<p>asdasdasdasd</p>', 0, 0, 0, 0, 23),
(8, '撒大声地所多', '到时候', '胜多负少', '到时候', '/tp5/public\\uploads/20191229\\9cad36e7ecfcdfe7b5f9b3dd55d2388a.jpg', '<p>阿是的发送到发送到<br/></p>', 1, 0, 0, 0, 29),
(9, '两个电饭锅', '电话', '水电费', '读后感', '/tp5/public\\uploads/20191229\\ca6609c5b5b5bc9e46754c68eb72b994.jpg', '<p>电话公司的风格是的发个<br/></p>', 2, 0, 0, 0, 29),
(10, '很多公司电话', '多喝水', '到时候供电所覆盖', ' 多喝水', '/tp5/public\\uploads/20191229\\fdceb646dfe3cfae155c7ebf66b78fb6.jpg', '<p>规划局恢诡谲怪非结构化<br/></p>', 6, 0, 0, 0, 30),
(11, '二纬路翁人', '更好哈哈哈', '哈哈哈股份', '胜多负少', '/tp5/public\\uploads/20191229\\f60f187cab1303c7486adda6c334430d.jpg', '<p>风高放火更符合规范化<br/></p>', 8, 0, 1, 1577449484, 29),
(12, '单车生活图片', '单车生活图片', '单车生活图片', '单车生活图片', '/tp5/public\\uploads/20191229\\62d1a101918247e217ed89146a46d093.jpg', '<p>单车生活图片</p>', 0, 0, 0, 1577517033, 36),
(13, '行业资讯单页', '行业资讯单页', '行业资讯单页', '行业资讯单页', '/tp5/public\\uploads/20191229\\6b3065c98112ae337adc9e5b79e94f98.jpg', '<p>行业资讯单页</p>', 0, 0, 1, 1577517172, 35),
(14, '骑行装备', '骑行装备', '骑行装备', '骑行装备', '/tp5/public\\uploads/20191229\\0f077eeef697e0998038f247bee956b0.png', '<p>车身装备</p>', 2, 0, 0, 1577517784, 32),
(15, '骑行装备', '骑行装备', '骑行装备', '骑行装备', '/tp5/public\\uploads/20191229\\90eb936af5522450af44e2a3ace19965.jpg', '<p>骑行装备 人身<br/></p>', 1, 0, 0, 1577517812, 33),
(16, '单车生活图片2', '单车生活图片2', '单车生活图片2', '单车生活图片2', '/tp5/public\\uploads/20191229\\c1e4b69fbb44eb415be0dcc2302f746b.jpg', '<p>单车生活图片2</p>', 9, 0, 1, 1577522610, 36),
(17, '发送到发送到', '胜多负少的', '梵蒂冈地方', '胜多负少', '/tp5/public\\uploads/20191229\\750e68294956bb048696b9f5fb136356.jpg', '<p>速度<br/></p>', 12, 0, 1, 1577522646, 36),
(18, '关于我们', '关于我们', '关于我们', '关于我们', '/tp5/public\\uploads/20191229\\abe829fdfd69647c78ae6a5b217d8ef8.jpg', '<p>关于我们关于我们关于我们关于我们关于我们关于我们关于我们关于我们关于我们关于我们关于我们关于我们关于我们关于我们关于我们关于我们关于我们关于我们关于我们关于我们关于我们关于我们关于我们关于我们关于我们关于我们关于我们关于我们关于我们关于我们关于我们关于我们关于我们关于我们关于我们关于我们关于我们关于我们关于我们关于我们关于我们关于我们关于我们关于我们关于我们关于我们关于我们关于我们关于我们关于我们关于我们关于我们关于我们关于我们关于我们关于我们关于我们关于我们关于我们关于我们关于我们关于我们关于我们关于我们关于我们关于我们关于我们关于我们关于我们关于我们关于我们关于我们关于我们关于我们关于我们关于我们关于我们关于我们关于我们关于我们关于我们关于我们关于我们关于我们关于我们关于我们关于我们关于我们关于我们关于我们关于我们关于我们关于我们关于我们关于我们关于我们关于我们关于我们关于我们关于我们关于我们关于我们关于我们关于我们关于我们关于我们关于我们</p>', 2, 0, 0, 1577525293, 37);

-- --------------------------------------------------------

--
-- 表的结构 `bk_auth_group`
--

CREATE TABLE `bk_auth_group` (
  `id` mediumint(8) UNSIGNED NOT NULL,
  `title` char(100) NOT NULL DEFAULT '',
  `status` tinyint(1) NOT NULL DEFAULT '1',
  `rules` char(80) NOT NULL DEFAULT ''
) ENGINE=MyISAM DEFAULT CHARSET=utf8;

--
-- 转存表中的数据 `bk_auth_group`
--

INSERT INTO `bk_auth_group` (`id`, `title`, `status`, `rules`) VALUES
(6, '链接专员', 1, '2,25,26,27,32'),
(3, '配置管理员', 1, '16,18,21,23,24,22'),
(8, '超级管理员', 1, '2,25,26,27,32,16,18,21,23,24,22,10,28,29,30');

-- --------------------------------------------------------

--
-- 表的结构 `bk_auth_group_access`
--

CREATE TABLE `bk_auth_group_access` (
  `uid` mediumint(8) UNSIGNED NOT NULL,
  `group_id` mediumint(8) UNSIGNED NOT NULL
) ENGINE=MyISAM DEFAULT CHARSET=utf8;

--
-- 转存表中的数据 `bk_auth_group_access`
--

INSERT INTO `bk_auth_group_access` (`uid`, `group_id`) VALUES
(21, 8),
(22, 6),
(23, 3);

-- --------------------------------------------------------

--
-- 表的结构 `bk_auth_rule`
--

CREATE TABLE `bk_auth_rule` (
  `id` mediumint(8) UNSIGNED NOT NULL,
  `name` char(80) NOT NULL DEFAULT '',
  `title` char(20) NOT NULL DEFAULT '',
  `type` tinyint(1) NOT NULL DEFAULT '1',
  `status` tinyint(1) NOT NULL DEFAULT '1',
  `condition` char(100) NOT NULL DEFAULT '',
  `pid` mediumint(9) NOT NULL DEFAULT '0',
  `level` tinyint(1) NOT NULL DEFAULT '0',
  `sortn` int(5) NOT NULL DEFAULT '50'
) ENGINE=MyISAM DEFAULT CHARSET=utf8;

--
-- 转存表中的数据 `bk_auth_rule`
--

INSERT INTO `bk_auth_rule` (`id`, `name`, `title`, `type`, `status`, `condition`, `pid`, `level`, `sortn`) VALUES
(23, 'conf/del', '配置删除', 1, 1, '', 21, 2, 50),
(2, 'link', '友情链接', 1, 1, '', 0, 0, 50),
(21, 'conf/lst', '配置列表', 1, 1, '', 16, 1, 50),
(16, 'sys', '系统设置', 1, 1, '', 0, 0, 50),
(6, '尔尔', '热热热', 1, 1, '', 7, 1, 50),
(14, '电话', '水电费水电费是', 1, 1, '', 4, 1, 50),
(8, '大幅度', '大幅度', 1, 1, '', 5, 2, 50),
(22, 'conf/add', '添加配置', 1, 1, '', 21, 2, 50),
(10, 'admin', '管理员', 1, 1, '', 0, 0, 50),
(18, 'conf/conf', '配置项', 1, 1, '', 16, 1, 50),
(12, '热热热', '777', 1, 1, '', 7, 2, 50),
(24, 'conf/edit', '配置编辑', 1, 1, '', 21, 2, 50),
(25, 'link/lst', '链接列表', 1, 1, '', 2, 1, 50),
(26, 'link/add', '添加链接', 1, 1, '', 25, 2, 50),
(27, 'link/del', '链接删除', 1, 1, '', 25, 2, 50),
(28, 'admin/lst', '管理员列表', 1, 1, '', 10, 1, 50),
(29, 'admin/add', '管理员添加', 1, 1, '', 28, 2, 50),
(30, 'add/edit', '管理员编辑', 1, 1, '', 28, 2, 50),
(31, 'admin/del', '管理员删除', 1, 1, '', 28, 2, 50),
(32, 'link/edit', '链接修改', 1, 1, '', 25, 2, 50);

-- --------------------------------------------------------

--
-- 表的结构 `bk_cate`
--

CREATE TABLE `bk_cate` (
  `id` mediumint(9) NOT NULL COMMENT '栏目id',
  `catename` varchar(30) NOT NULL COMMENT '栏目名称',
  `type` tinyint(1) NOT NULL DEFAULT '1' COMMENT '栏目类型1:列表栏目 2:单页栏目3图片列表',
  `keyword` varchar(255) NOT NULL COMMENT '栏目关键词',
  `desc` varchar(255) NOT NULL COMMENT '栏目描述',
  `content` text NOT NULL COMMENT '栏目内容',
  `pid` mediumint(9) NOT NULL DEFAULT '0' COMMENT '上级栏目id',
  `sort` mediumint(9) NOT NULL DEFAULT '50' COMMENT '排序'
) ENGINE=InnoDB DEFAULT CHARSET=utf8;

--
-- 转存表中的数据 `bk_cate`
--

INSERT INTO `bk_cate` (`id`, `catename`, `type`, `keyword`, `desc`, `content`, `pid`, `sort`) VALUES
(28, '家族新闻', 1, '', '  ', '<p>水电费水电费<br/></p>', 0, 50),
(29, '个人新闻', 1, '', ' ', ' ', 28, 50),
(30, '先进事迹', 1, '', ' ', ' ', 28, 50),
(31, '族谱建设', 1, '', ' ', ' ', 0, 50),
(32, '车身装备', 1, '', '', '', 31, 50),
(33, '人身装备', 1, '', ' ', ' ', 31, 50),
(34, '族谱名人', 3, '', '    ', '    ', 0, 50),
(35, '其他族谱资讯', 2, '', '        ', '       ', 0, 50),
(36, '单车生活2', 3, '单车生活2', '单车生活2', '<p>单车生活2</p>', 34, 50),
(37, '关于我们', 2, '关于我们', ' 关于我们', '<p>关于我们关于我们关于我们关于我们关于我们关于我们关于我们关于我们关于我们关于我们关于我们关于我们关于我们关于我们关于我们关于我们关于我们关于我们关于我们关于我们关于我们关于我们关于我们关于我们关于我们关于我们关于我们关于我们关于我们关于我们关于我们关于我们关于我们关于我们关于我们关于我们关于我们关于我们关于我们关于我们关于我们关于我们关于我们关于我们关于我们关于我们关于我们关于我们关于我们关于我们关于我们关于我们关于我们关于我们关于我们关于我们关于我们关于我们关于我们关于我们关于我们关于我们关于我们关于我们关于我们关于我们关于我们关于我们关于我们关于我们关于我们关于我们关于我们关于我们关于我们关于我们关于我们关于我们关于我们关于我们关于我们关于我们关于我们关于我们关于我们关于我们关于我们关于我们关于我们关于我们关于我们关于我们关于我们关于我们关于我们关于我们关于我们关于我们关于我们关于我们关于我们关于我们关于我们关于我们关于我们关于我们关于我们关于我们关于我们关于我们关于我们关于我们关于我们关于我们<br/></p>', 0, 50);

-- --------------------------------------------------------

--
-- 表的结构 `bk_conf`
--

CREATE TABLE `bk_conf` (
  `id` mediumint(9) NOT NULL COMMENT '配置id',
  `cnname` varchar(50) NOT NULL COMMENT '配置中文名称',
  `enname` varchar(50) NOT NULL COMMENT '配置英文名称',
  `type` tinyint(1) NOT NULL DEFAULT '1' COMMENT '配置类型1单行2,多行,3,单选,4复选,5下拉',
  `value` varchar(255) NOT NULL COMMENT '配置值',
  `values` varchar(255) NOT NULL COMMENT '配置可选值',
  `sort` smallint(6) NOT NULL DEFAULT '50' COMMENT '排序'
) ENGINE=InnoDB DEFAULT CHARSET=utf8;

--
-- 转存表中的数据 `bk_conf`
--

INSERT INTO `bk_conf` (`id`, `cnname`, `enname`, `type`, `value`, `values`, `sort`) VALUES
(4, '是否关闭网站', 'close', 4, '', '是\r\n', 5),
(5, '清除缓存间隔', 'code', 5, '3个小时', '1个小时,2个小时,3个小时', 30),
(9, '单行', 'danhang', 1, '10000000', '是打发第三方士大夫', 50),
(10, '多行', 'duohang', 2, '1', '说话撒地方问问', 50),
(11, '单选', 'danxuan', 3, '舒舒服服', '舒舒服服', 50);

-- --------------------------------------------------------

--
-- 表的结构 `bk_link`
--

CREATE TABLE `bk_link` (
  `id` int(11) NOT NULL COMMENT '链接id',
  `title` varchar(50) NOT NULL,
  `descr` varchar(50) NOT NULL,
  `url` varchar(50) NOT NULL,
  `sortn` int(11) NOT NULL
) ENGINE=InnoDB DEFAULT CHARSET=utf8;

--
-- 转存表中的数据 `bk_link`
--

INSERT INTO `bk_link` (`id`, `title`, `descr`, `url`, `sortn`) VALUES
(2, 'baidu', '', 'http://www.baidu.com', 1),
(14, '测试链接', '对对对', 'http://localhost/tp5/public/test/test', 0),
(15, 'tree 宝塔', '大幅度', 'http://localhost/tp5/public/test/tree', 0),
(16, 'tree v', '大幅度', 'http://localhost/tp5/public/test/treev', 0),
(17, 'ziapu', '对对对', 'http://localhost/tp5/public/index/ziapu', 0);

-- --------------------------------------------------------

--
-- 表的结构 `bk_user`
--

CREATE TABLE `bk_user` (
  `id` int(11) NOT NULL,
  `name` varchar(30) NOT NULL,
  `password` char(32) NOT NULL,
  `realname` varchar(10) NOT NULL,
  `mobiphone` varchar(20) NOT NULL
) ENGINE=InnoDB DEFAULT CHARSET=gb2312;

--
-- 转存表中的数据 `bk_user`
--

INSERT INTO `bk_user` (`id`, `name`, `password`, `realname`, `mobiphone`) VALUES
(1, 'admin', 'e10adc3949ba59abbe56e057f20f883e', '', ''),
(2, 'abc', 'e10adc3949ba59abbe56e057f20f883e', 'xzq', '13712888816'),
(3, 'admin1', 'e10adc3949ba59abbe56e057f20f883e', '', ''),
(4, 'admin2', 'e10adc3949ba59abbe56e057f20f883e', 'sss', '13712888816'),
(5, 'admin3', 'c20ad4d76fe97759aa27a0c99bff6710', 'sss', '13712888816'),
(6, 'admin4', 'c20ad4d76fe97759aa27a0c99bff6710', '12', ''),
(7, 'admin5', 'c20ad4d76fe97759aa27a0c99bff6710', '12', '13712888816'),
(8, 'admin6', 'c20ad4d76fe97759aa27a0c99bff6710', '12', '13712888816');

-- --------------------------------------------------------

--
-- 表的结构 `bk_zpadmin`
--

CREATE TABLE `bk_zpadmin` (
  `id` int(10) UNSIGNED NOT NULL COMMENT '成员ID',
  `pid` int(10) UNSIGNED NOT NULL COMMENT '父亲ID',
  `guanx` tinyint(1) NOT NULL DEFAULT '0' COMMENT '1儿,2女,',
  `peiou` varchar(10) NOT NULL DEFAULT '' COMMENT '配偶',
  `shenbsc` tinyint(3) NOT NULL DEFAULT '0' COMMENT '申伯世次',
  `nanzsc` tinyint(3) NOT NULL DEFAULT '0' COMMENT '南洲世次',
  `fenzbh` tinyint(4) NOT NULL DEFAULT '0' COMMENT '分支编号',
  `name` varchar(10) NOT NULL,
  `xing` varchar(4) NOT NULL COMMENT '姓',
  `ming` varchar(6) NOT NULL COMMENT '名',
  `biem` varchar(8) NOT NULL COMMENT '别名',
  `xingb` varchar(2) NOT NULL COMMENT '性别',
  `paih` tinyint(2) NOT NULL DEFAULT '0' COMMENT '排行',
  `dianh` varchar(12) NOT NULL COMMENT '电话',
  `zhib` tinyint(2) NOT NULL COMMENT '字辈',
  `biaoj` varchar(4) NOT NULL COMMENT '标记',
  `zhujd` varchar(50) NOT NULL COMMENT '祖籍地',
  `xianjd` varchar(50) NOT NULL COMMENT '现居地',
  `xuex` varchar(2) NOT NULL COMMENT '血型',
  `sheng` tinyint(3) NOT NULL COMMENT '身高cm',
  `yicb` varchar(20) NOT NULL COMMENT '遗传病',
  `youx` varchar(20) NOT NULL COMMENT '邮箱',
  `xuel` varchar(10) NOT NULL COMMENT '学历',
  `yuanx` varchar(50) NOT NULL COMMENT '院校',
  `danw` varchar(50) NOT NULL COMMENT '单位',
  `zhiw` varchar(20) NOT NULL COMMENT '职务',
  `jiyz` varchar(20) NOT NULL COMMENT '基因座',
  `shengr` datetime NOT NULL COMMENT '生日',
  `jianz` tinyint(1) NOT NULL COMMENT '是否健在'
) ENGINE=InnoDB DEFAULT CHARSET=utf8 COMMENT='家谱成员管理数据表';

--
-- 转存表中的数据 `bk_zpadmin`
--

INSERT INTO `bk_zpadmin` (`id`, `pid`, `guanx`, `peiou`, `shenbsc`, `nanzsc`, `fenzbh`, `name`, `xing`, `ming`, `biem`, `xingb`, `paih`, `dianh`, `zhib`, `biaoj`, `zhujd`, `xianjd`, `xuex`, `sheng`, `yicb`, `youx`, `xuel`, `yuanx`, `danw`, `zhiw`, `jiyz`, `shengr`, `jianz`) VALUES
(1, 0, 1, '', 0, 0, 0, '谢尚真', '谢', '尚真', '', '0', 1, '', 0, '', '', '', '', 0, '', '', '', '', '', '', '', '0000-00-00 00:00:00', 0),
(2, 1, 1, '黄氏', 0, 0, 0, '谢支秀', '谢', '支秀', '', '0', 1, '', 0, '', '', '', '', 0, '', '', '', '', '', '', '', '0000-00-00 00:00:00', 0),
(23, 2, 1, '黄氏', 0, 0, 0, '谢宥隆', '谢', '宥隆', '', '0', 1, '', 0, '', '', '', '', 0, '', '', '', '', '', '', '', '0000-00-00 00:00:00', 0),
(25, 2, 1, '林氏,梁氏', 0, 0, 0, '谢宥奉', '谢', '宥奉', '', '0', 2, '', 0, '', '', '', '', 0, '', '', '', '', '', '', '', '0000-00-00 00:00:00', 0),
(28, 25, 1, '', 0, 0, 0, '谢德恩', '谢', '德恩', '', '0', 1, '', 0, '', '', '', '', 0, '', '', '', '', '', '', '', '0000-00-00 00:00:00', 0),
(29, 23, 1, '氏氏', 0, 0, 0, '谢德盛', '谢', '德盛', '', '0', 1, '', 0, '', '', '', '', 0, '', '', '', '', '', '', '', '0000-00-00 00:00:00', 0),
(31, 29, 1, '', 0, 0, 0, '谢天照', '谢', '天照', '', '0', 1, '', 0, '', '', '', '', 0, '', '', '', '', '', '', '', '0000-00-00 00:00:00', 0),
(32, 29, 2, '', 0, 0, 0, '谢女', '谢', '女', '', '1', 1, '', 0, '', '', '', '', 0, '', '', '', '', '', '', '', '0000-00-00 00:00:00', 0),
(38, 23, 1, '', 0, 0, 0, '谢德惠', '谢', '德惠', '', '0', 3, '', 0, '', '', '', '', 0, '', '', '', '', '', '', '', '0000-00-00 00:00:00', 0),
(39, 38, 1, '', 0, 0, 0, '谢天载', '谢', '天载', '', '0', 1, '', 0, '', '', '', '', 0, '', '', '', '', '', '', '', '0000-00-00 00:00:00', 0),
(40, 38, 1, '陈氏', 0, 0, 0, '谢天辉', '谢', '天辉', '', '0', 2, '', 0, '', '', '', '', 0, '', '', '', '', '', '', '', '0000-00-00 00:00:00', 0),
(42, 40, 1, '刘氏', 0, 0, 0, '谢洪德', '谢', '洪德', '', '0', 1, '', 0, '', '', '', '', 0, '', '', '', '', '', '', '', '0000-00-00 00:00:00', 0),
(44, 42, 1, '莫氏', 0, 0, 0, '谢振瑞', '谢', '振瑞', '', '0', 1, '', 0, '', '', '', '', 0, '', '', '', '', '', '', '', '0000-00-00 00:00:00', 0),
(45, 42, 1, '韩氏', 0, 0, 0, '谢振业', '谢', '振业', '', '0', 2, '', 0, '', '', '', '', 0, '', '', '', '', '', '', '', '0000-00-00 00:00:00', 0),
(47, 45, 1, '', 0, 0, 0, '谢以盛', '谢', '以盛', '', '0', 1, '', 0, '', '', '', '', 0, '', '', '', '', '', '', '', '0000-00-00 00:00:00', 0),
(48, 45, 1, '', 0, 0, 0, '谢以辉', '谢', '以辉', '', '0', 2, '', 0, '', '', '', '', 0, '', '', '', '', '', '', '', '0000-00-00 00:00:00', 0),
(49, 45, 2, '', 0, 0, 0, '谢大女', '谢', '大女', '', '1', 1, '', 0, '', '', '', '', 0, '', '', '', '', '', '', '', '0000-00-00 00:00:00', 0),
(50, 45, 2, '', 0, 0, 0, '谢二女', '谢', '二女', '', '1', 2, '', 0, '', '', '', '', 0, '', '', '', '', '', '', '', '0000-00-00 00:00:00', 0),
(52, 44, 1, '黄氏', 0, 0, 0, '谢以才', '谢', '以才', '', '0', 1, '', 0, '', '', '', '', 0, '', '', '', '', '', '', '', '0000-00-00 00:00:00', 0),
(53, 44, 1, '', 0, 0, 0, '谢长子', '谢', '长子', '', '0', 1, '', 0, '', '', '', '', 0, '', '', '', '', '', '', '', '0000-00-00 00:00:00', 0),
(54, 44, 1, '', 0, 0, 0, '谢延锦', '谢', '延锦', '', '0', 2, '', 0, '', '', '', '', 0, '', '', '', '', '', '', '', '0000-00-00 00:00:00', 0),
(55, 44, 1, '欧氏', 0, 0, 0, '谢以进', '谢', '以进', '', '0', 4, '', 0, '', '', '', '', 0, '', '', '', '', '', '', '', '0000-00-00 00:00:00', 0),
(56, 44, 1, '巫氏', 0, 0, 0, '谢以兴', '谢', '以兴', '', '0', 5, '', 0, '', '', '', '', 0, '', '', '', '', '', '', '', '0000-00-00 00:00:00', 0),
(57, 44, 1, '陈氏,卢氏', 0, 0, 0, '谢以义', '谢', '以义', '', '0', 6, '', 0, '', '', '', '', 0, '', '', '', '', '', '', '', '0000-00-00 00:00:00', 0),
(58, 44, 2, '', 0, 0, 0, '谢大女', '谢', '大女', '', '0', 1, '', 0, '', '', '', '', 0, '', '', '', '', '', '', '', '0000-00-00 00:00:00', 0),
(61, 57, 1, '', 0, 0, 0, '谢延佑', '谢', '延佑', '', '0', 1, '', 0, '', '', '', '', 0, '', '', '', '', '', '', '', '0000-00-00 00:00:00', 0),
(63, 56, 1, '周氏', 0, 0, 0, '谢延福', '谢', '延福', '', '0', 1, '', 0, '', '', '', '', 0, '', '', '', '', '', '', '', '0000-00-00 00:00:00', 0),
(65, 63, 1, '', 0, 0, 0, '谢光土', '谢', '光土', '', '0', 1, '', 0, '', '', '', '', 0, '', '', '', '', '', '', '', '0000-00-00 00:00:00', 0),
(66, 63, 1, '', 0, 0, 0, '谢二子', '谢', '二子', '', '0', 2, '', 0, '', '', '', '', 0, '', '', '', '', '', '', '', '0000-00-00 00:00:00', 0),
(67, 63, 2, '', 0, 0, 0, '谢大女', '谢', '大女', '', '1', 1, '', 0, '', '', '', '', 0, '', '', '', '', '', '', '', '0000-00-00 00:00:00', 0),
(68, 63, 2, '', 0, 0, 0, '谢二女', '谢', '二女', '', '1', 2, '', 0, '', '', '', '', 0, '', '', '', '', '', '', '', '0000-00-00 00:00:00', 0),
(69, 56, 1, '', 0, 0, 0, '谢延礽', '谢', '延礽', '', '0', 2, '', 0, '', '', '', '', 0, '', '', '', '', '', '', '', '0000-00-00 00:00:00', 0),
(70, 56, 1, '梁氏', 0, 0, 0, '谢延佑', '谢', '延佑', '', '0', 3, '', 0, '', '', '', '', 0, '', '', '', '', '', '', '', '0000-00-00 00:00:00', 0),
(71, 56, 1, '陈氏', 0, 0, 0, '谢延禄', '谢', '延禄', '', '0', 4, '', 0, '', '', '', '', 0, '', '', '', '', '', '', '', '0000-00-00 00:00:00', 0),
(74, 70, 1, '梁氏', 0, 0, 0, '谢学通', '谢', '学通', '', '0', 1, '', 0, '', '', '', '', 0, '', '', '', '', '', '', '', '0000-00-00 00:00:00', 0),
(76, 74, 1, '', 0, 0, 0, '谢日孔', '谢', '日孔', '', '0', 1, '', 0, '', '', '', '', 0, '', '', '', '', '', '', '', '0000-00-00 00:00:00', 0),
(77, 74, 1, '', 0, 0, 0, '谢二子', '谢', '二子', '', '0', 2, '', 0, '', '', '', '', 0, '', '', '', '', '', '', '', '0000-00-00 00:00:00', 0),
(78, 74, 2, '', 0, 0, 0, '谢大女', '谢', '大女', '', '1', 1, '', 0, '', '', '', '', 0, '', '', '', '', '', '', '', '0000-00-00 00:00:00', 0),
(79, 74, 2, '', 0, 0, 0, '谢二女', '谢', '二女', '', '1', 2, '', 0, '', '', '', '', 0, '', '', '', '', '', '', '', '0000-00-00 00:00:00', 0),
(80, 74, 2, '', 0, 0, 0, '谢耀芬', '谢', '耀芬', '', '1', 3, '', 0, '', '', '', '', 0, '', '', '', '', '', '', '', '0000-00-00 00:00:00', 0),
(81, 70, 1, '杨汉芳', 0, 0, 0, '谢学达', '谢', '学达', '', '0', 2, '', 0, '', '', '', '', 0, '', '', '', '', '', '', '', '0000-00-00 00:00:00', 0),
(83, 81, 1, '黄益奎', 0, 0, 0, '谢奇光', '谢', '奇光', '', '0', 4, '', 0, '', '', '', '', 0, '', '', '', '', '', '', '', '0000-00-00 00:00:00', 0),
(85, 70, 1, '梁秀文', 0, 0, 0, '谢学远', '谢', '学远', '', '0', 3, '', 0, '', '', '', '', 0, '', '', '', '', '', '', '', '0000-00-00 00:00:00', 0),
(87, 85, 1, '裴淑芸', 0, 0, 0, '谢伟光', '谢', '伟光', '', '0', 3, '', 0, '', '', '', '', 0, '', '', '', '', '', '', '', '0000-00-00 00:00:00', 0),
(89, 87, 1, '周燕芬', 0, 0, 0, '谢亦然', '谢', '亦然', '', '0', 1, '', 0, '', '', '', '', 0, '', '', '', '', '', '', '', '0000-00-00 00:00:00', 0),
(91, 89, 1, '', 0, 0, 0, '谢子立', '谢', '子立', '', '0', 1, '', 0, '', '', '', '', 0, '', '', '', '', '', '', '', '0000-00-00 00:00:00', 0),
(92, 87, 2, '', 0, 0, 0, '谢亦群', '谢', '亦群', '', '0', 2, '', 0, '', '', '', '', 0, '', '', '', '', '', '', '', '0000-00-00 00:00:00', 0),
(93, 87, 2, '梁智江', 0, 0, 0, '谢亦农', '谢', '亦农', '', '1', 1, '', 0, '', '', '', '', 0, '', '', '', '', '', '', '', '0000-00-00 00:00:00', 0),
(95, 93, 2, '', 0, 0, 0, '梁颖茵', '梁', '颖茵', '', '1', 1, '', 0, '', '', '', '', 0, '', '', '', '', '', '', '', '0000-00-00 00:00:00', 0),
(96, 85, 1, '黄益奎', 0, 0, 0, '谢奇光', '谢', '奇光', '', '0', 4, '', 0, '', '', '', '', 0, '', '', '', '', '', '', '', '0000-00-00 00:00:00', 0),
(98, 96, 1, '徐蕾 ', 0, 0, 0, '谢振明', '谢', '振明', '', '0', 1, '', 0, '', '', '', '', 0, '', '', '', '', '', '', '', '0000-00-00 00:00:00', 0),
(100, 98, 1, '', 0, 0, 0, '谢宵腾', '谢', '宵腾', '', '0', 1, '', 0, '', '', '', '', 0, '', '', '', '', '', '', '', '0000-00-00 00:00:00', 0),
(101, 96, 2, '陈振兴', 0, 0, 0, '谢务芳', '谢', '务芳', '', '1', 1, '', 0, '', '', '', '', 0, '', '', '', '', '', '', '', '0000-00-00 00:00:00', 0),
(103, 101, 1, '', 0, 0, 0, '陈亚雷', '陈', '亚雷', '', '0', 1, '', 0, '', '', '', '', 0, '', '', '', '', '', '', '', '0000-00-00 00:00:00', 0),
(104, 96, 2, '陈少明', 0, 0, 0, '谢杰芳', '谢', '杰芳', '', '1', 2, '', 0, '', '', '', '', 0, '', '', '', '', '', '', '', '0000-00-00 00:00:00', 0),
(106, 104, 1, '', 0, 0, 0, '陈永智', '陈', '永智', '', '0', 1, '', 0, '', '', '', '', 0, '', '', '', '', '', '', '', '0000-00-00 00:00:00', 0),
(107, 96, 2, '陈闵', 0, 0, 0, '谢炳芳', '谢', '炳芳', '', '1', 3, '', 0, '', '', '', '', 0, '', '', '', '', '', '', '', '0000-00-00 00:00:00', 0),
(109, 107, 2, '', 0, 0, 0, '陈颖', '陈', '颖', '', '1', 1, '', 0, '', '', '', '', 0, '', '', '', '', '', '', '', '0000-00-00 00:00:00', 0),
(110, 85, 1, '夏福琼', 0, 0, 0, '谢龙光', '谢', '龙光', '', '0', 5, '', 0, '', '', '', '', 0, '', '', '', '', '', '', '', '0000-00-00 00:00:00', 0),
(112, 110, 1, '覃伟杏', 0, 0, 0, '谢振生', '谢', '振生', '', '0', 1, '', 0, '', '', '', '', 0, '', '', '', '', '', '', '', '0000-00-00 00:00:00', 0),
(114, 112, 1, '', 0, 0, 0, '谢欢', '谢', '欢', '', '0', 1, '', 0, '', '', '', '', 0, '', '', '', '', '', '', '', '0000-00-00 00:00:00', 0),
(115, 112, 2, '', 0, 0, 0, '谢莉', '谢', '莉', '', '1', 2, '', 0, '', '', '', '', 0, '', '', '', '', '', '', '', '0000-00-00 00:00:00', 0),
(116, 112, 2, '黄进杰', 0, 0, 0, '谢翠', '谢', '翠', '', '1', 1, '', 0, '', '', '', '', 0, '', '', '', '', '', '', '', '0000-00-00 00:00:00', 0),
(118, 116, 2, '', 0, 0, 0, '黄敬丹', '黄', '敬丹', '', '1', 1, '', 0, '', '', '', '', 0, '', '', '', '', '', '', '', '0000-00-00 00:00:00', 0),
(119, 116, 2, '', 0, 0, 0, '黄雪媚', '黄', '雪媚', '', '1', 2, '', 0, '', '', '', '', 0, '', '', '', '', '', '', '', '0000-00-00 00:00:00', 0),
(120, 116, 2, '', 0, 0, 0, '黄三女', '黄', '三女', '', '1', 3, '', 0, '', '', '', '', 0, '', '', '', '', '', '', '', '0000-00-00 00:00:00', 0),
(121, 110, 2, '陈立冬', 0, 0, 0, '谢炎芳', '谢', '炎芳', '', '1', 4, '', 0, '', '', '', '', 0, '', '', '', '', '', '', '', '0000-00-00 00:00:00', 0),
(123, 121, 1, '', 0, 0, 0, '陈仔', '陈', '仔', '', '0', 1, '', 0, '', '', '', '', 0, '', '', '', '', '', '', '', '0000-00-00 00:00:00', 0),
(124, 121, 2, '', 0, 0, 0, '陈女', '陈', '女', '', '1', 1, '', 0, '', '', '', '', 0, '', '', '', '', '', '', '', '0000-00-00 00:00:00', 0),
(125, 85, 1, '邓琼芳', 0, 0, 0, '谢政光', '谢', '政光', '', '0', 6, '', 0, '', '', '', '', 0, '', '', '', '', '', '', '', '0000-00-00 00:00:00', 0),
(127, 125, 1, '邓幸芳', 0, 0, 0, '谢炳松', '谢', '炳松', '', '0', 3, '', 0, '', '', '', '', 0, '', '', '', '', '', '', '', '0000-00-00 00:00:00', 0),
(129, 127, 1, '黎雪', 0, 0, 0, '谢炜健', '谢', '炜健', '', '0', 1, '', 0, '', '', '', '', 0, '', '', '', '', '', '', '', '0000-00-00 00:00:00', 0),
(132, 125, 1, '廖新兰', 0, 0, 0, '谢振乾', '谢', '振乾', '', '0', 4, '', 0, '', '', '', '', 0, '', '', '', '', '', '', '', '0000-00-00 00:00:00', 0),
(134, 132, 1, '', 0, 0, 0, '谢昌成', '谢', '昌成', '', '0', 1, '', 0, '', '', '', '', 0, '', '', '', '', '', '', '', '0000-00-00 00:00:00', 0),
(135, 125, 1, '周珍华', 0, 0, 0, '谢振强', '谢', '振强', '', '0', 6, '', 0, '', '', '', '', 0, '', '', '', '', '', '', '', '0000-00-00 00:00:00', 0),
(137, 135, 1, '', 0, 0, 0, '谢羽泉', '谢', '羽泉', '', '0', 1, '', 0, '', '', '', '', 0, '', '', '', '', '', '', '', '0000-00-00 00:00:00', 0),
(138, 135, 2, '', 0, 0, 0, '谢心如', '谢', '心如', '', '1', 1, '', 0, '', '', '', '', 0, '', '', '', '', '', '', '', '0000-00-00 00:00:00', 0),
(139, 135, 2, '', 0, 0, 0, '谢心仪', '谢', '心仪', '', '1', 2, '', 0, '', '', '', '', 0, '', '', '', '', '', '', '', '0000-00-00 00:00:00', 0),
(140, 85, 1, '廖爱琼', 0, 0, 0, '谢树光', '谢', '树光', '', '0', 7, '', 0, '', '', '', '', 0, '', '', '', '', '', '', '', '0000-00-00 00:00:00', 0),
(142, 140, 1, '林玉花', 0, 0, 0, '谢明洋', '谢', '明洋', '', '0', 7, '', 0, '', '', '', '', 0, '', '', '', '', '', '', '', '0000-00-00 00:00:00', 0),
(144, 142, 1, '', 0, 0, 0, '谢鋆', '谢', '鋆', '', '0', 1, '', 0, '', '', '', '', 0, '', '', '', '', '', '', '', '0000-00-00 00:00:00', 0),
(145, 142, 1, '', 0, 0, 0, '谢浩', '谢', '浩', '', '0', 2, '', 0, '', '', '', '', 0, '', '', '', '', '', '', '', '0000-00-00 00:00:00', 0),
(146, 140, 2, '马剑胜', 0, 0, 0, '谢芳芸', '谢', '芳芸', '', '1', 7, '', 0, '', '', '', '', 0, '', '', '', '', '', '', '', '0000-00-00 00:00:00', 0),
(148, 146, 2, '', 0, 0, 0, '马雪仪', '马', '雪仪', '', '1', 1, '', 0, '', '', '', '', 0, '', '', '', '', '', '', '', '0000-00-00 00:00:00', 0),
(149, 85, 1, '', 0, 0, 0, '谢启光', '谢', '启光', '', '0', 8, '', 0, '', '', '', '', 0, '', '', '', '', '', '', '', '0000-00-00 00:00:00', 0),
(150, 85, 2, '陈靖才', 0, 0, 0, '谢超林', '谢', '超林', '', '1', 7, '', 0, '', '', '', '', 0, '', '', '', '', '', '', '', '0000-00-00 00:00:00', 0),
(152, 150, 1, '秦深荣', 0, 0, 0, '陈光', '陈', '光', '', '0', 1, '', 0, '', '', '', '', 0, '', '', '', '', '', '', '', '0000-00-00 00:00:00', 0),
(154, 152, 1, '', 0, 0, 0, '陈伟成', '陈', '伟成', '', '0', 1, '', 0, '', '', '', '', 0, '', '', '', '', '', '', '', '0000-00-00 00:00:00', 0),
(155, 152, 2, '梁志彬', 0, 0, 0, '陈秀杏', '陈', '秀杏', '', '1', 1, '', 0, '', '', '', '', 0, '', '', '', '', '', '', '', '0000-00-00 00:00:00', 0),
(157, 155, 2, '', 0, 0, 0, '梁琳婷', '梁', '琳婷', '', '1', 1, '', 0, '', '', '', '', 0, '', '', '', '', '', '', '', '0000-00-00 00:00:00', 0),
(158, 155, 2, '', 0, 0, 0, '梁霏茹', '梁', '霏茹', '', '1', 2, '', 0, '', '', '', '', 0, '', '', '', '', '', '', '', '0000-00-00 00:00:00', 0),
(159, 150, 1, '覃琼禅 ', 0, 0, 0, '陈辉', '陈', '辉', '', '0', 2, '', 0, '', '', '', '', 0, '', '', '', '', '', '', '', '0000-00-00 00:00:00', 0),
(161, 159, 1, '', 0, 0, 0, '陈海锋', '陈', '海锋', '', '0', 1, '', 0, '', '', '', '', 0, '', '', '', '', '', '', '', '0000-00-00 00:00:00', 0),
(162, 159, 1, '', 0, 0, 0, '陈剑锋', '陈', '剑锋', '', '0', 2, '', 0, '', '', '', '', 0, '', '', '', '', '', '', '', '0000-00-00 00:00:00', 0),
(163, 150, 1, '', 0, 0, 0, '陈平', '陈', '平', '', '0', 3, '', 0, '', '', '', '', 0, '', '', '', '', '', '', '', '0000-00-00 00:00:00', 0),
(164, 163, 1, '', 0, 0, 0, '陈志鹏', '陈', '志鹏', '', '0', 1, '', 0, '', '', '', '', 0, '', '', '', '', '', '', '', '0000-00-00 00:00:00', 0),
(165, 150, 2, '尹振强 ', 0, 0, 0, '陈洁芳', '陈', '洁芳', '', '1', 1, '', 0, '', '', '', '', 0, '', '', '', '', '', '', '', '0000-00-00 00:00:00', 0),
(167, 165, 1, '', 0, 0, 0, '尹家贵', '尹', '家贵', '', '0', 1, '', 0, '', '', '', '', 0, '', '', '', '', '', '', '', '0000-00-00 00:00:00', 0),
(168, 85, 2, '韦玉昆', 0, 0, 0, '谢超明', '谢', '超明', '', '1', 9, '', 0, '', '', '', '', 0, '', '', '', '', '', '', '', '0000-00-00 00:00:00', 0),
(170, 168, 1, '', 0, 0, 0, '韦云奇', '韦', '云奇', '', '0', 1, '', 0, '', '', '', '', 0, '', '', '', '', '', '', '', '0000-00-00 00:00:00', 0),
(171, 168, 1, '殷晓军', 0, 0, 0, '韦云锋', '韦', '云锋', '', '0', 2, '', 0, '', '', '', '', 0, '', '', '', '', '', '', '', '0000-00-00 00:00:00', 0),
(173, 168, 2, '李岱俊', 0, 0, 0, '韦云飞', '韦', '云飞', '', '1', 1, '', 0, '', '', '', '', 0, '', '', '', '', '', '', '', '0000-00-00 00:00:00', 0),
(175, 173, 1, '', 0, 0, 0, '李玮文', '李', '玮文', '', '0', 1, '', 0, '', '', '', '', 0, '', '', '', '', '', '', '', '0000-00-00 00:00:00', 0),
(176, 173, 2, '', 0, 0, 0, '李玮珊', '李', '玮珊', '', '1', 1, '', 0, '', '', '', '', 0, '', '', '', '', '', '', '', '0000-00-00 00:00:00', 0),
(177, 129, 1, '', 0, 0, 0, '谢宸宇', '谢', '宸宇', '', '0', 1, '', 0, '', '', '', '', 0, '', '', '', '', '', '', '', '0000-00-00 00:00:00', 0),
(178, 55, 1, '', 0, 0, 0, '谢长子', '谢', '长子', '', '0', 1, '', 0, '', '', '', '', 0, '', '', '', '', '', '', '', '0000-00-00 00:00:00', 0),
(179, 55, 1, '', 0, 0, 0, '谢延锦', '谢', '延锦', '', '0', 2, '', 0, '', '', '', '', 0, '', '', '', '', '', '', '', '0000-00-00 00:00:00', 0),
(180, 55, 2, '', 0, 0, 0, '谢长女', '谢', '长女', '', '1', 1, '', 0, '', '', '', '', 0, '', '', '', '', '', '', '', '0000-00-00 00:00:00', 0),
(181, 52, 1, '陈氏', 0, 0, 0, '谢延辰', '谢', '延辰', '', '0', 1, '', 0, '', '', '', '', 0, '', '', '', '', '', '', '', '0000-00-00 00:00:00', 0),
(182, 181, 1, '', 0, 0, 0, '谢光石', '谢', '光石', '', '0', 1, '', 0, '', '', '', '', 0, '', '', '', '', '', '', '', '0000-00-00 00:00:00', 0),
(183, 182, 1, '卢恒奎', 0, 0, 0, '谢振光', '谢', '振光', '', '0', 1, '', 0, '', '', '', '', 0, '', '', '', '', '', '', '', '0000-00-00 00:00:00', 0),
(184, 183, 1, '', 0, 0, 0, '谢锐华', '谢', '锐华', '', '0', 1, '', 0, '', '', '', '', 0, '', '', '', '', '', '', '', '0000-00-00 00:00:00', 0),
(185, 183, 1, '李凤玲', 0, 0, 0, '谢锐炎', '谢', '锐炎', '', '0', 2, '', 0, '', '', '', '', 0, '', '', '', '', '', '', '', '0000-00-00 00:00:00', 0),
(186, 185, 1, '陈锦华', 0, 0, 0, '谢壮', '谢', '壮', '', '0', 1, '', 0, '', '', '', '', 0, '', '', '', '', '', '', '', '0000-00-00 00:00:00', 0),
(187, 186, 1, '', 0, 0, 0, '谢日全', '谢', '日全', '', '0', 1, '', 0, '', '', '', '', 0, '', '', '', '', '', '', '', '0000-00-00 00:00:00', 0),
(188, 186, 1, '', 0, 0, 0, '谢广斌', '谢', '广斌', '', '0', 2, '', 0, '', '', '', '', 0, '', '', '', '', '', '', '', '0000-00-00 00:00:00', 0),
(189, 186, 2, '', 0, 0, 0, '谢秋杏', '谢', '秋杏', '', '1', 1, '', 0, '', '', '', '', 0, '', '', '', '', '', '', '', '0000-00-00 00:00:00', 0),
(190, 185, 2, '', 0, 0, 0, '谢红', '谢', '红', '', '1', 1, '', 0, '', '', '', '', 0, '', '', '', '', '', '', '', '0000-00-00 00:00:00', 0),
(191, 183, 1, '李德惠', 0, 0, 0, '谢德林', '谢', '德林', '', '0', 3, '', 0, '', '', '', '', 0, '', '', '', '', '', '', '', '0000-00-00 00:00:00', 0),
(192, 191, 1, '', 0, 0, 0, '谢金全', '谢', '金全', '', '0', 1, '', 0, '', '', '', '', 0, '', '', '', '', '', '', '', '0000-00-00 00:00:00', 0),
(193, 191, 1, '', 0, 0, 0, '谢金昌', '谢', '金昌', '', '0', 2, '', 0, '', '', '', '', 0, '', '', '', '', '', '', '', '0000-00-00 00:00:00', 0),
(194, 183, 2, '', 0, 0, 0, '谢秀芳', '谢', '秀芳', '', '1', 1, '', 0, '', '', '', '', 0, '', '', '', '', '', '', '', '0000-00-00 00:00:00', 0),
(195, 183, 2, '', 0, 0, 0, '谢秀蓉', '谢', '秀蓉', '', '1', 2, '', 0, '', '', '', '', 0, '', '', '', '', '', '', '', '0000-00-00 00:00:00', 0),
(196, 183, 2, '', 0, 0, 0, '谢秀梅', '谢', '秀梅', '', '1', 3, '', 0, '', '', '', '', 0, '', '', '', '', '', '', '', '0000-00-00 00:00:00', 0),
(197, 182, 1, '覃美英', 0, 0, 0, '谢俊光', '谢', '俊光', '', '0', 2, '', 0, '', '', '', '', 0, '', '', '', '', '', '', '', '0000-00-00 00:00:00', 0),
(198, 197, 1, '梁智慧', 0, 0, 0, '谢智福', '谢', '智福', '', '0', 1, '', 0, '', '', '', '', 0, '', '', '', '', '', '', '', '0000-00-00 00:00:00', 0),
(199, 198, 2, '', 0, 0, 0, '谢雯雯', '谢', '雯雯', '', '1', 1, '', 0, '', '', '', '', 0, '', '', '', '', '', '', '', '0000-00-00 00:00:00', 0),
(200, 181, 1, '', 0, 0, 0, '谢学蔑', '谢', '学蔑', '', '0', 2, '', 0, '', '', '', '', 0, '', '', '', '', '', '', '', '0000-00-00 00:00:00', 0),
(201, 200, 1, '梁敏蓉', 0, 0, 0, '谢德光', '谢', '德光', '', '0', 1, '', 0, '', '', '', '', 0, '', '', '', '', '', '', '', '0000-00-00 00:00:00', 0),
(202, 201, 1, '卢秀芳', 0, 0, 0, '谢振林', '谢', '振林', '', '0', 1, '', 0, '', '', '', '', 0, '', '', '', '', '', '', '', '0000-00-00 00:00:00', 0),
(203, 202, 1, '董小飞', 0, 0, 0, '谢一飞', '谢', '一飞', '', '0', 1, '', 0, '', '', '', '', 0, '', '', '', '', '', '', '', '0000-00-00 00:00:00', 0),
(204, 203, 1, '', 0, 0, 0, '谢宇杭', '谢', '宇杭', '', '0', 1, '', 0, '', '', '', '', 0, '', '', '', '', '', '', '', '0000-00-00 00:00:00', 0),
(205, 203, 2, '', 0, 0, 0, '谢颖希', '谢', '颖希', '', '1', 1, '', 0, '', '', '', '', 0, '', '', '', '', '', '', '', '0000-00-00 00:00:00', 0),
(206, 202, 2, '', 0, 0, 0, '谢西林', '谢', '西林', '', '1', 1, '', 0, '', '', '', '', 0, '', '', '', '', '', '', '', '0000-00-00 00:00:00', 0),
(207, 201, 1, '黄美琼', 0, 0, 0, '谢振炎', '谢', '振炎', '', '0', 2, '', 0, '', '', '', '', 0, '', '', '', '', '', '', '', '0000-00-00 00:00:00', 0),
(208, 207, 1, '廖红莲', 0, 0, 0, '谢金妙', '谢', '金妙', '', '0', 1, '', 0, '', '', '', '', 0, '', '', '', '', '', '', '', '0000-00-00 00:00:00', 0),
(209, 208, 1, '', 0, 0, 0, '谢威宇', '谢', '威宇', '', '0', 1, '', 0, '', '', '', '', 0, '', '', '', '', '', '', '', '0000-00-00 00:00:00', 0),
(210, 208, 2, '', 0, 0, 0, '谢诗雨', '谢', '诗雨', '', '1', 1, '', 0, '', '', '', '', 0, '', '', '', '', '', '', '', '0000-00-00 00:00:00', 0),
(211, 207, 1, '', 0, 0, 0, '谢金海', '谢', '金海', '', '0', 2, '', 0, '', '', '', '', 0, '', '', '', '', '', '', '', '0000-00-00 00:00:00', 0),
(212, 207, 2, '嫁容城', 0, 0, 0, '谢孔超', '谢', '孔超', '', '1', 1, '', 0, '', '', '', '', 0, '', '', '', '', '', '', '', '0000-00-00 00:00:00', 0),
(213, 201, 2, '廖清光', 0, 0, 0, '谢莲芳', '谢', '莲芳', '', '1', 1, '', 0, '', '', '', '', 0, '', '', '', '', '', '', '', '0000-00-00 00:00:00', 0),
(214, 213, 1, '', 0, 0, 0, '廖清林', '廖', '清林', '', '0', 1, '', 0, '', '', '', '', 0, '', '', '', '', '', '', '', '0000-00-00 00:00:00', 0),
(215, 213, 1, '', 0, 0, 0, '廖华炎', '廖', '华炎', '', '0', 2, '', 0, '', '', '', '', 0, '', '', '', '', '', '', '', '0000-00-00 00:00:00', 0),
(216, 201, 2, '', 0, 0, 0, '谢英芳', '谢', '英芳', '', '1', 2, '', 0, '', '', '', '', 0, '', '', '', '', '', '', '', '0000-00-00 00:00:00', 0),
(217, 200, 1, '李超蓉', 0, 0, 0, '谢超光', '谢', '超光', '', '0', 2, '', 0, '', '', '', '', 0, '', '', '', '', '', '', '', '0000-00-00 00:00:00', 0),
(218, 217, 1, '浦冰梅', 0, 0, 0, '谢程云', '谢', '程云', '', '0', 1, '', 0, '', '', '', '', 0, '', '', '', '', '', '', '', '0000-00-00 00:00:00', 0),
(219, 218, 1, '', 0, 0, 0, '谢镕泽', '谢', '镕泽', '', '0', 1, '', 0, '', '', '', '', 0, '', '', '', '', '', '', '', '0000-00-00 00:00:00', 0),
(220, 218, 2, '', 0, 0, 0, '谢汪洋', '谢', '汪洋', '', '1', 1, '', 0, '', '', '', '', 0, '', '', '', '', '', '', '', '0000-00-00 00:00:00', 0),
(221, 218, 2, '', 0, 0, 0, '谢彤从', '谢', '彤从', '', '1', 2, '', 0, '', '', '', '', 0, '', '', '', '', '', '', '', '0000-00-00 00:00:00', 0),
(222, 217, 2, '章洋', 0, 0, 0, '谢育苹', '谢', '育苹', '', '1', 1, '', 0, '', '', '', '', 0, '', '', '', '', '', '', '', '0000-00-00 00:00:00', 0),
(223, 217, 2, '梁家勇', 0, 0, 0, '谢妮', '谢', '妮', '', '1', 2, '', 0, '', '', '', '', 0, '', '', '', '', '', '', '', '0000-00-00 00:00:00', 0),
(224, 217, 2, '', 0, 0, 0, '谢芬', '谢', '芬', '', '1', 3, '', 0, '', '', '', '', 0, '', '', '', '', '', '', '', '0000-00-00 00:00:00', 0),
(225, 200, 2, '', 0, 0, 0, '谢美华', '谢', '美华', '', '1', 1, '', 0, '', '', '', '', 0, '', '', '', '', '', '', '', '0000-00-00 00:00:00', 0),
(226, 23, 1, '周氏', 0, 0, 0, '谢德弘', '谢', '德弘', '', '0', 4, '', 0, '', '', '', '', 0, '', '', '', '', '', '', '', '0000-00-00 00:00:00', 0),
(227, 23, 1, '黎氏', 0, 0, 0, '谢德昌', '谢', '德昌', '', '0', 2, '', 0, '', '', '', '', 0, '', '', '', '', '', '', '', '0000-00-00 00:00:00', 0),
(228, 227, 1, '', 0, 0, 0, '谢天文', '谢', '天文', '', '0', 1, '', 0, '', '', '', '', 0, '', '', '', '', '', '', '', '0000-00-00 00:00:00', 0),
(229, 227, 1, '', 0, 0, 0, '谢天玖', '谢', '天玖', '', '0', 2, '', 0, '', '', '', '', 0, '', '', '', '', '', '', '', '0000-00-00 00:00:00', 0),
(230, 227, 1, '', 0, 0, 0, '谢天通', '谢', '天通', '', '0', 3, '', 0, '', '', '', '', 0, '', '', '', '', '', '', '', '0000-00-00 00:00:00', 0),
(231, 230, 1, '', 0, 0, 0, '谢帝纲', '谢', '帝纲', '', '0', 1, '', 0, '', '', '', '', 0, '', '', '', '', '', '', '', '0000-00-00 00:00:00', 0),
(232, 230, 1, '', 0, 0, 0, '谢帝纪', '谢', '帝纪', '', '0', 1, '', 0, '', '', '', '', 0, '', '', '', '', '', '', '', '0000-00-00 00:00:00', 0),
(233, 231, 1, '', 0, 0, 0, '谢振兰', '谢', '振兰', '', '0', 1, '', 0, '', '', '', '', 0, '', '', '', '', '', '', '', '0000-00-00 00:00:00', 0),
(234, 226, 1, '陈氏', 0, 0, 0, '谢天祥', '谢', '天祥', '', '0', 1, '', 0, '', '', '', '', 0, '', '', '', '', '', '', '', '0000-00-00 00:00:00', 0),
(235, 234, 1, '', 0, 0, 0, '谢杰才', '谢', '杰才', '', '0', 1, '', 0, '', '', '', '', 0, '', '', '', '', '', '', '', '0000-00-00 00:00:00', 0),
(236, 235, 1, '', 0, 0, 0, '谢振昌', '谢', '振昌', '', '0', 1, '', 0, '', '', '', '', 0, '', '', '', '', '', '', '', '0000-00-00 00:00:00', 0),
(237, 236, 1, '', 0, 0, 0, '谢以珍', '谢', '以珍', '', '0', 1, '', 0, '', '', '', '', 0, '', '', '', '', '', '', '', '0000-00-00 00:00:00', 0),
(238, 236, 1, '', 0, 0, 0, '谢以珠', '谢', '以珠', '', '0', 2, '', 0, '', '', '', '', 0, '', '', '', '', '', '', '', '0000-00-00 00:00:00', 0),
(239, 238, 1, '', 0, 0, 0, '谢延章', '谢', '延章', '', '0', 1, '', 0, '', '', '', '', 0, '', '', '', '', '', '', '', '0000-00-00 00:00:00', 0),
(240, 238, 1, '', 0, 0, 0, '谢延隆', '谢', '延隆', '', '0', 2, '', 0, '', '', '', '', 0, '', '', '', '', '', '', '', '0000-00-00 00:00:00', 0),
(241, 240, 1, '', 0, 0, 0, '谢承芝', '谢', '承芝', '', '0', 1, '', 0, '', '', '', '', 0, '', '', '', '', '', '', '', '0000-00-00 00:00:00', 0),
(242, 241, 1, '陈月华', 0, 0, 0, '谢剑光', '谢', '剑光', '', '0', 1, '', 0, '', '', '', '', 0, '', '', '', '', '', '', '', '0000-00-00 00:00:00', 0),
(243, 242, 1, '', 0, 0, 0, '谢祖中', '谢', '祖中', '', '0', 1, '', 0, '', '', '', '', 0, '', '', '', '', '', '', '', '0000-00-00 00:00:00', 0),
(244, 242, 1, '黎伟英', 0, 0, 0, '谢祖泉', '谢', '祖泉', '', '0', 2, '', 0, '', '', '', '', 0, '', '', '', '', '', '', '', '0000-00-00 00:00:00', 0),
(245, 244, 1, '植海霞', 0, 0, 0, '谢国武', '谢', '国武', '', '0', 1, '', 0, '', '', '', '', 0, '', '', '', '', '', '', '', '0000-00-00 00:00:00', 0),
(246, 245, 1, '', 0, 0, 0, '谢锋艺', '谢', '锋艺', '', '0', 1, '', 0, '', '', '', '', 0, '', '', '', '', '', '', '', '0000-00-00 00:00:00', 0),
(247, 245, 2, '', 0, 0, 0, '谢丰棋', '谢', '丰棋', '', '1', 1, '', 0, '', '', '', '', 0, '', '', '', '', '', '', '', '0000-00-00 00:00:00', 0),
(248, 244, 1, '禅梦如', 0, 0, 0, '谢国敏', '谢', '国敏', '', '0', 2, '', 0, '', '', '', '', 0, '', '', '', '', '', '', '', '0000-00-00 00:00:00', 0),
(249, 248, 2, '', 0, 0, 0, '谢婉懿', '谢', '婉懿', '', '1', 1, '', 0, '', '', '', '', 0, '', '', '', '', '', '', '', '0000-00-00 00:00:00', 0),
(250, 242, 2, '', 0, 0, 0, '谢杰英', '谢', '杰英', '', '1', 1, '', 0, '', '', '', '', 0, '', '', '', '', '', '', '', '0000-00-00 00:00:00', 0),
(251, 242, 2, '', 0, 0, 0, '谢惠英', '谢', '惠英', '', '1', 2, '', 0, '', '', '', '', 0, '', '', '', '', '', '', '', '0000-00-00 00:00:00', 0),
(252, 240, 1, '', 0, 0, 0, '谢二仔', '谢', '二仔', '', '0', 2, '', 0, '', '', '', '', 0, '', '', '', '', '', '', '', '0000-00-00 00:00:00', 0),
(253, 252, 1, '李惠芳', 0, 0, 0, '谢月光', '谢', '月光', '', '0', 1, '', 0, '', '', '', '', 0, '', '', '', '', '', '', '', '0000-00-00 00:00:00', 0),
(254, 253, 1, '', 0, 0, 0, '谢振华', '谢', '振华', '', '0', 1, '', 0, '', '', '', '', 0, '', '', '', '', '', '', '', '0000-00-00 00:00:00', 0),
(255, 254, 1, '', 0, 0, 0, '谢广勇', '谢', '广勇', '', '0', 1, '', 0, '', '', '', '', 0, '', '', '', '', '', '', '', '0000-00-00 00:00:00', 0),
(256, 254, 2, '', 0, 0, 0, '谢金凤', '谢', '金凤', '', '1', 1, '', 0, '', '', '', '', 0, '', '', '', '', '', '', '', '0000-00-00 00:00:00', 0),
(257, 253, 1, '冯美莲', 0, 0, 0, '谢振松', '谢', '振松', '', '0', 2, '', 0, '', '', '', '', 0, '', '', '', '', '', '', '', '0000-00-00 00:00:00', 0),
(258, 257, 1, '', 0, 0, 0, '谢广林', '谢', '广林', '', '0', 1, '', 0, '', '', '', '', 0, '', '', '', '', '', '', '', '0000-00-00 00:00:00', 0),
(259, 257, 2, '', 0, 0, 0, '谢金清', '谢', '金清', '', '1', 1, '', 0, '', '', '', '', 0, '', '', '', '', '', '', '', '0000-00-00 00:00:00', 0),
(260, 257, 2, '', 0, 0, 0, '谢华', '谢', '华', '', '1', 2, '', 0, '', '', '', '', 0, '', '', '', '', '', '', '', '0000-00-00 00:00:00', 0),
(261, 253, 1, '梁淑慧', 0, 0, 0, '谢振才', '谢', '振才', '', '0', 3, '', 0, '', '', '', '', 0, '', '', '', '', '', '', '', '0000-00-00 00:00:00', 0),
(262, 261, 1, '', 0, 0, 0, '谢柱林', '谢', '柱林', '', '0', 1, '', 0, '', '', '', '', 0, '', '', '', '', '', '', '', '0000-00-00 00:00:00', 0),
(263, 261, 2, '刘森', 0, 0, 0, '谢孔林', '谢', '孔林', '', '1', 1, '', 0, '', '', '', '', 0, '', '', '', '', '', '', '', '0000-00-00 00:00:00', 0),
(264, 253, 1, '', 0, 0, 0, '谢振坚', '谢', '振坚', '', '0', 4, '', 0, '', '', '', '', 0, '', '', '', '', '', '', '', '0000-00-00 00:00:00', 0),
(265, 253, 2, '', 0, 0, 0, '谢奎芳', '谢', '奎芳', '', '1', 1, '', 0, '', '', '', '', 0, '', '', '', '', '', '', '', '0000-00-00 00:00:00', 0),
(266, 252, 1, '胡超蓉', 0, 0, 0, '谢伍光', '谢', '伍光', '', '0', 2, '', 0, '', '', '', '', 0, '', '', '', '', '', '', '', '0000-00-00 00:00:00', 0),
(267, 266, 1, '邓丽新', 0, 0, 0, '谢广炎', '谢', '广炎', '', '0', 1, '', 0, '', '', '', '', 0, '', '', '', '', '', '', '', '0000-00-00 00:00:00', 0),
(268, 267, 1, '林玟松', 0, 0, 0, '谢深', '谢', '深', '', '0', 1, '', 0, '', '', '', '', 0, '', '', '', '', '', '', '', '0000-00-00 00:00:00', 0),
(269, 268, 1, '', 0, 0, 0, '谢明宏', '谢', '明宏', '', '0', 1, '', 0, '', '', '', '', 0, '', '', '', '', '', '', '', '0000-00-00 00:00:00', 0),
(270, 267, 1, '封琼芳', 0, 0, 0, '谢国海', '谢', '国海', '', '0', 2, '', 0, '', '', '', '', 0, '', '', '', '', '', '', '', '0000-00-00 00:00:00', 0),
(271, 270, 1, '', 0, 0, 0, '谢豪铭', '谢', '豪铭', '', '0', 1, '', 0, '', '', '', '', 0, '', '', '', '', '', '', '', '0000-00-00 00:00:00', 0),
(272, 270, 2, '', 0, 0, 0, '谢大女', '谢', '大女', '', '1', 1, '', 0, '', '', '', '', 0, '', '', '', '', '', '', '', '0000-00-00 00:00:00', 0),
(273, 267, 2, '', 0, 0, 0, '谢金玲', '谢', '金玲', '', '1', 1, '', 0, '', '', '', '', 0, '', '', '', '', '', '', '', '0000-00-00 00:00:00', 0),
(274, 266, 1, '韦成超', 0, 0, 0, '谢振南', '谢', '振南', '', '0', 2, '', 0, '', '', '', '', 0, '', '', '', '', '', '', '', '0000-00-00 00:00:00', 0),
(275, 274, 1, '', 0, 0, 0, '谢深炎', '谢', '深炎', '', '0', 1, '', 0, '', '', '', '', 0, '', '', '', '', '', '', '', '0000-00-00 00:00:00', 0),
(276, 274, 1, '', 0, 0, 0, '谢深明', '谢', '深明', '', '0', 2, '', 0, '', '', '', '', 0, '', '', '', '', '', '', '', '0000-00-00 00:00:00', 0),
(277, 274, 2, '', 0, 0, 0, '谢琼岚', '谢', '琼岚', '', '1', 1, '', 0, '', '', '', '', 0, '', '', '', '', '', '', '', '0000-00-00 00:00:00', 0),
(278, 266, 2, '', 0, 0, 0, '谢雪芳', '谢', '雪芳', '', '1', 1, '', 0, '', '', '', '', 0, '', '', '', '', '', '', '', '0000-00-00 00:00:00', 0),
(279, 266, 2, '', 0, 0, 0, '谢桂芳', '谢', '桂芳', '', '1', 2, '', 0, '', '', '', '', 0, '', '', '', '', '', '', '', '0000-00-00 00:00:00', 0),
(280, 266, 2, '', 0, 0, 0, '谢志芳', '谢', '志芳', '', '1', 3, '', 0, '', '', '', '', 0, '', '', '', '', '', '', '', '0000-00-00 00:00:00', 0),
(281, 252, 2, '', 0, 0, 0, '谢彩芹', '谢', '彩芹', '', '1', 1, '', 0, '', '', '', '', 0, '', '', '', '', '', '', '', '0000-00-00 00:00:00', 0),
(282, 238, 1, '', 0, 0, 0, '谢延兴', '谢', '延兴', '', '0', 3, '', 0, '', '', '', '', 0, '', '', '', '', '', '', '', '0000-00-00 00:00:00', 0),
(283, 282, 1, '', 0, 0, 0, '谢学痒', '谢', '学痒', '', '0', 1, '', 0, '', '', '', '', 0, '', '', '', '', '', '', '', '0000-00-00 00:00:00', 0),
(284, 283, 1, '刘淑奎 罗海芳', 0, 0, 0, '谢南光', '谢', '南光', '', '0', 1, '', 0, '', '', '', '', 0, '', '', '', '', '', '', '', '0000-00-00 00:00:00', 0),
(285, 284, 1, '周雪燕', 0, 0, 0, '谢勇', '谢', '勇', '', '0', 1, '', 0, '', '', '', '', 0, '', '', '', '', '', '', '', '0000-00-00 00:00:00', 0),
(286, 285, 2, '', 0, 0, 0, '谢德松', '谢', '德松', '', '1', 1, '', 0, '', '', '', '', 0, '', '', '', '', '', '', '', '0000-00-00 00:00:00', 0),
(287, 285, 2, '', 0, 0, 0, '谢德清', '谢', '德清', '', '1', 2, '', 0, '', '', '', '', 0, '', '', '', '', '', '', '', '0000-00-00 00:00:00', 0),
(288, 285, 2, '', 0, 0, 0, '谢金枝', '谢', '金枝', '', '1', 3, '', 0, '', '', '', '', 0, '', '', '', '', '', '', '', '0000-00-00 00:00:00', 0),
(289, 285, 2, '', 0, 0, 0, '谢四女', '谢', '四女', '', '1', 4, '', 0, '', '', '', '', 0, '', '', '', '', '', '', '', '0000-00-00 00:00:00', 0),
(290, 285, 2, '', 0, 0, 0, '谢五女', '谢', '五女', '', '1', 5, '', 0, '', '', '', '', 0, '', '', '', '', '', '', '', '0000-00-00 00:00:00', 0),
(291, 284, 1, '覃业芳', 0, 0, 0, '谢强', '谢', '强', '', '0', 2, '', 0, '', '', '', '', 0, '', '', '', '', '', '', '', '0000-00-00 00:00:00', 0),
(292, 291, 1, '', 0, 0, 0, '谢圣炎', '谢', '圣炎', '', '0', 1, '', 0, '', '', '', '', 0, '', '', '', '', '', '', '', '0000-00-00 00:00:00', 0),
(293, 291, 2, '', 0, 0, 0, '谢阿炎', '谢', '阿炎', '', '1', 1, '', 0, '', '', '', '', 0, '', '', '', '', '', '', '', '0000-00-00 00:00:00', 0),
(294, 284, 2, '', 0, 0, 0, '谢尧芳', '谢', '尧芳', '', '1', 1, '', 0, '', '', '', '', 0, '', '', '', '', '', '', '', '0000-00-00 00:00:00', 0),
(295, 284, 2, '', 0, 0, 0, '谢华芳', '谢', '华芳', '', '1', 2, '', 0, '', '', '', '', 0, '', '', '', '', '', '', '', '0000-00-00 00:00:00', 0),
(296, 284, 2, '', 0, 0, 0, '谢冬芳', '谢', '冬芳', '', '1', 3, '', 0, '', '', '', '', 0, '', '', '', '', '', '', '', '0000-00-00 00:00:00', 0),
(297, 284, 2, '', 0, 0, 0, '谢海燕', '谢', '海燕', '', '1', 4, '', 0, '', '', '', '', 0, '', '', '', '', '', '', '', '0000-00-00 00:00:00', 0),
(298, 283, 2, '', 0, 0, 0, '谢女儿', '谢', '女儿', '', '1', 1, '', 0, '', '', '', '', 0, '', '', '', '', '', '', '', '0000-00-00 00:00:00', 0),
(299, 282, 1, '', 0, 0, 0, '谢学序', '谢', '学序', '', '0', 2, '', 0, '', '', '', '', 0, '', '', '', '', '', '', '', '0000-00-00 00:00:00', 0),
(300, 299, 1, '', 0, 0, 0, '谢宇光', '谢', '宇光', '', '0', 1, '', 0, '', '', '', '', 0, '', '', '', '', '', '', '', '0000-00-00 00:00:00', 0),
(301, 299, 1, '莫明英', 0, 0, 0, '谢宪光', '谢', '宪光', '', '0', 2, '', 0, '', '', '', '', 0, '', '', '', '', '', '', '', '0000-00-00 00:00:00', 0),
(302, 301, 1, '陈汉贤', 0, 0, 0, '谢祖成', '谢', '祖成', '', '0', 1, '', 0, '', '', '', '', 0, '', '', '', '', '', '', '', '0000-00-00 00:00:00', 0),
(303, 302, 1, '', 0, 0, 0, '谢国峰', '谢', '国峰', '', '0', 1, '', 0, '', '', '', '', 0, '', '', '', '', '', '', '', '0000-00-00 00:00:00', 0),
(304, 302, 1, '杜小莉', 0, 0, 0, '谢国振', '谢', '国振', '', '0', 2, '', 0, '', '', '', '', 0, '', '', '', '', '', '', '', '0000-00-00 00:00:00', 0),
(305, 304, 2, '', 0, 0, 0, '谢雨桐', '谢', '雨桐', '', '1', 1, '', 0, '', '', '', '', 0, '', '', '', '', '', '', '', '0000-00-00 00:00:00', 0),
(306, 301, 1, '', 0, 0, 0, '谢祖清', '谢', '祖清', '', '0', 2, '', 0, '', '', '', '', 0, '', '', '', '', '', '', '', '0000-00-00 00:00:00', 0),
(307, 301, 1, '巫振清', 0, 0, 0, '谢祖志', '谢', '祖志', '', '0', 3, '', 0, '', '', '', '', 0, '', '', '', '', '', '', '', '0000-00-00 00:00:00', 0),
(308, 307, 1, '', 0, 0, 0, '谢国松', '谢', '国松', '', '0', 1, '', 0, '', '', '', '', 0, '', '', '', '', '', '', '', '0000-00-00 00:00:00', 0),
(309, 307, 2, '', 0, 0, 0, '谢海萍', '谢', '海萍', '', '1', 1, '', 0, '', '', '', '', 0, '', '', '', '', '', '', '', '0000-00-00 00:00:00', 0),
(310, 301, 2, '', 0, 0, 0, '谢玲', '谢', '玲', '', '1', 1, '', 0, '', '', '', '', 0, '', '', '', '', '', '', '', '0000-00-00 00:00:00', 0),
(311, 301, 2, '', 0, 0, 0, '谢春芳', '谢', '春芳', '', '1', 2, '', 0, '', '', '', '', 0, '', '', '', '', '', '', '', '0000-00-00 00:00:00', 0),
(312, 234, 1, '', 0, 0, 0, '谢杰祯', '谢', '杰祯', '', '0', 2, '', 0, '', '', '', '', 0, '', '', '', '', '', '', '', '0000-00-00 00:00:00', 0),
(313, 312, 1, '', 0, 0, 0, '谢振邦', '谢', '振邦', '', '0', 1, '', 0, '', '', '', '', 0, '', '', '', '', '', '', '', '0000-00-00 00:00:00', 0),
(314, 312, 1, '', 0, 0, 0, '谢振昌', '谢', '振昌', '', '0', 2, '', 0, '', '', '', '', 0, '', '', '', '', '', '', '', '0000-00-00 00:00:00', 0),
(315, 312, 1, '', 0, 0, 0, '谢振彩', '谢', '振彩', '', '0', 3, '', 0, '', '', '', '', 0, '', '', '', '', '', '', '', '0000-00-00 00:00:00', 0),
(316, 315, 1, '', 0, 0, 0, '谢儿子', '谢', '儿子', '', '0', 1, '', 0, '', '', '', '', 0, '', '', '', '', '', '', '', '0000-00-00 00:00:00', 0),
(317, 316, 1, '', 0, 0, 0, '谢致祥', '谢', '致祥', '', '0', 1, '', 0, '', '', '', '', 0, '', '', '', '', '', '', '', '0000-00-00 00:00:00', 0),
(318, 317, 1, '周振琼', 0, 0, 0, '谢学辉', '谢', '学辉', '', '0', 1, '', 0, '', '', '', '', 0, '', '', '', '', '', '', '', '0000-00-00 00:00:00', 0),
(319, 318, 1, '李务新', 0, 0, 0, '谢旭光', '谢', '旭光', '', '0', 1, '', 0, '', '', '', '', 0, '', '', '', '', '', '', '', '0000-00-00 00:00:00', 0),
(320, 318, 2, '', 0, 0, 0, '谢超琼', '谢', '超琼', '', '1', 1, '', 0, '', '', '', '', 0, '', '', '', '', '', '', '', '0000-00-00 00:00:00', 0),
(321, 318, 2, '', 0, 0, 0, '谢超奎', '谢', '超奎', '', '1', 2, '', 0, '', '', '', '', 0, '', '', '', '', '', '', '', '0000-00-00 00:00:00', 0),
(322, 318, 2, '', 0, 0, 0, '谢超贤', '谢', '超贤', '', '1', 3, '', 0, '', '', '', '', 0, '', '', '', '', '', '', '', '0000-00-00 00:00:00', 0),
(323, 319, 1, '谭品梅', 0, 0, 0, '谢天', '谢', '天', '', '0', 1, '', 0, '', '', '', '', 0, '', '', '', '', '', '', '', '0000-00-00 00:00:00', 0),
(324, 323, 1, '', 0, 0, 0, '谢霖达', '谢', '霖达', '', '0', 1, '', 0, '', '', '', '', 0, '', '', '', '', '', '', '', '0000-00-00 00:00:00', 0),
(325, 323, 2, '', 0, 0, 0, '谢银朵', '谢', '银朵', '', '1', 1, '', 0, '', '', '', '', 0, '', '', '', '', '', '', '', '0000-00-00 00:00:00', 0),
(326, 319, 1, '某氏', 0, 0, 0, '谢地', '谢', '地', '', '0', 2, '', 0, '', '', '', '', 0, '', '', '', '', '', '', '', '0000-00-00 00:00:00', 0),
(327, 326, 2, '', 0, 0, 0, '谢女儿', '谢', '女儿', '', '1', 1, '', 0, '', '', '', '', 0, '', '', '', '', '', '', '', '0000-00-00 00:00:00', 0),
(328, 316, 1, '', 0, 0, 0, '谢海记', '谢', '海记', '', '0', 2, '', 0, '', '', '', '', 0, '', '', '', '', '', '', '', '0000-00-00 00:00:00', 0),
(329, 328, 1, '周振琼', 0, 0, 0, '谢学辉', '谢', '学辉', '', '0', 1, '', 0, '', '', '', '', 0, '', '', '', '', '', '', '', '0000-00-00 00:00:00', 0),
(330, 328, 1, '梁美红', 0, 0, 0, '谢学忠', '谢', '学忠', '', '0', 2, '', 0, '', '', '', '', 0, '', '', '', '', '', '', '', '0000-00-00 00:00:00', 0),
(331, 330, 1, '梁惠贞', 0, 0, 0, '谢文光', '谢', '文光', '', '0', 1, '', 0, '', '', '', '', 0, '', '', '', '', '', '', '', '0000-00-00 00:00:00', 0),
(332, 331, 1, '丽荣', 0, 0, 0, '谢荣', '谢', '荣', '', '0', 1, '', 0, '', '', '', '', 0, '', '', '', '', '', '', '', '0000-00-00 00:00:00', 0),
(333, 331, 2, '', 0, 0, 0, '谢月凤', '谢', '月凤', '', '1', 1, '', 0, '', '', '', '', 0, '', '', '', '', '', '', '', '0000-00-00 00:00:00', 0),
(334, 330, 1, '覃惠贞', 0, 0, 0, '谢福永', '谢', '福永', '', '0', 2, '', 0, '', '', '', '', 0, '', '', '', '', '', '', '', '0000-00-00 00:00:00', 0),
(335, 334, 1, '', 0, 0, 0, '谢德荣', '谢', '德荣', '', '0', 1, '', 0, '', '', '', '', 0, '', '', '', '', '', '', '', '0000-00-00 00:00:00', 0),
(336, 334, 1, '', 0, 0, 0, '谢武奇', '谢', '武奇', '', '0', 2, '', 0, '', '', '', '', 0, '', '', '', '', '', '', '', '0000-00-00 00:00:00', 0),
(337, 330, 2, '', 0, 0, 0, '谢超森', '谢', '超森', '', '1', 1, '', 0, '', '', '', '', 0, '', '', '', '', '', '', '', '0000-00-00 00:00:00', 0),
(338, 330, 2, '', 0, 0, 0, '谢莲', '谢', '莲', '', '1', 2, '', 0, '', '', '', '', 0, '', '', '', '', '', '', '', '0000-00-00 00:00:00', 0),
(339, 328, 1, '凌媛芳', 0, 0, 0, '谢学诚', '谢', '学诚', '', '0', 3, '', 0, '', '', '', '', 0, '', '', '', '', '', '', '', '0000-00-00 00:00:00', 0),
(340, 339, 1, '李华媚', 0, 0, 0, '谢咏光', '谢', '咏光', '', '0', 1, '', 0, '', '', '', '', 0, '', '', '', '', '', '', '', '0000-00-00 00:00:00', 0),
(341, 340, 2, '', 0, 0, 0, '谢清娜', '谢', '清娜', '', '1', 1, '', 0, '', '', '', '', 0, '', '', '', '', '', '', '', '0000-00-00 00:00:00', 0),
(342, 340, 2, '', 0, 0, 0, '谢殷蔚', '谢', '殷蔚', '', '1', 2, '', 0, '', '', '', '', 0, '', '', '', '', '', '', '', '0000-00-00 00:00:00', 0),
(343, 339, 2, '', 0, 0, 0, '谢凌枫', '谢', '凌枫', '', '1', 1, '', 0, '', '', '', '', 0, '', '', '', '', '', '', '', '0000-00-00 00:00:00', 0),
(344, 339, 2, '', 0, 0, 0, '谢丹萍', '谢', '丹萍', '', '1', 2, '', 0, '', '', '', '', 0, '', '', '', '', '', '', '', '0000-00-00 00:00:00', 0),
(345, 339, 2, '', 0, 0, 0, '谢露', '谢', '露', '', '1', 3, '', 0, '', '', '', '', 0, '', '', '', '', '', '', '', '0000-00-00 00:00:00', 0);

-- --------------------------------------------------------

--
-- 表的结构 `bk_zupugx`
--

CREATE TABLE `bk_zupugx` (
  `id` int(11) NOT NULL COMMENT '关系ID',
  `zupid` int(10) UNSIGNED NOT NULL COMMENT 'zupu表id',
  `guanxid` int(10) UNSIGNED NOT NULL COMMENT '关系id',
  `guanxm` varchar(20) NOT NULL COMMENT '关系名称'
) ENGINE=InnoDB DEFAULT CHARSET=utf8;

--
-- Indexes for dumped tables
--

--
-- Indexes for table `bk_admin`
--
ALTER TABLE `bk_admin`
  ADD PRIMARY KEY (`id`);

--
-- Indexes for table `bk_article`
--
ALTER TABLE `bk_article`
  ADD PRIMARY KEY (`id`);

--
-- Indexes for table `bk_auth_group`
--
ALTER TABLE `bk_auth_group`
  ADD PRIMARY KEY (`id`);

--
-- Indexes for table `bk_auth_group_access`
--
ALTER TABLE `bk_auth_group_access`
  ADD UNIQUE KEY `uid_group_id` (`uid`,`group_id`),
  ADD KEY `uid` (`uid`),
  ADD KEY `group_id` (`group_id`);

--
-- Indexes for table `bk_auth_rule`
--
ALTER TABLE `bk_auth_rule`
  ADD PRIMARY KEY (`id`),
  ADD UNIQUE KEY `name` (`name`);

--
-- Indexes for table `bk_cate`
--
ALTER TABLE `bk_cate`
  ADD PRIMARY KEY (`id`);

--
-- Indexes for table `bk_conf`
--
ALTER TABLE `bk_conf`
  ADD PRIMARY KEY (`id`);

--
-- Indexes for table `bk_link`
--
ALTER TABLE `bk_link`
  ADD PRIMARY KEY (`id`);

--
-- Indexes for table `bk_user`
--
ALTER TABLE `bk_user`
  ADD PRIMARY KEY (`id`);

--
-- Indexes for table `bk_zpadmin`
--
ALTER TABLE `bk_zpadmin`
  ADD PRIMARY KEY (`id`),
  ADD UNIQUE KEY `id` (`id`);

--
-- Indexes for table `bk_zupugx`
--
ALTER TABLE `bk_zupugx`
  ADD PRIMARY KEY (`id`);

--
-- 在导出的表使用AUTO_INCREMENT
--

--
-- 使用表AUTO_INCREMENT `bk_admin`
--
ALTER TABLE `bk_admin`
  MODIFY `id` mediumint(9) NOT NULL AUTO_INCREMENT COMMENT '管理员ID', AUTO_INCREMENT=24;
--
-- 使用表AUTO_INCREMENT `bk_article`
--
ALTER TABLE `bk_article`
  MODIFY `id` mediumint(9) NOT NULL AUTO_INCREMENT COMMENT '文章id', AUTO_INCREMENT=19;
--
-- 使用表AUTO_INCREMENT `bk_auth_group`
--
ALTER TABLE `bk_auth_group`
  MODIFY `id` mediumint(8) UNSIGNED NOT NULL AUTO_INCREMENT, AUTO_INCREMENT=9;
--
-- 使用表AUTO_INCREMENT `bk_auth_rule`
--
ALTER TABLE `bk_auth_rule`
  MODIFY `id` mediumint(8) UNSIGNED NOT NULL AUTO_INCREMENT, AUTO_INCREMENT=33;
--
-- 使用表AUTO_INCREMENT `bk_cate`
--
ALTER TABLE `bk_cate`
  MODIFY `id` mediumint(9) NOT NULL AUTO_INCREMENT COMMENT '栏目id', AUTO_INCREMENT=38;
--
-- 使用表AUTO_INCREMENT `bk_conf`
--
ALTER TABLE `bk_conf`
  MODIFY `id` mediumint(9) NOT NULL AUTO_INCREMENT COMMENT '配置id', AUTO_INCREMENT=12;
--
-- 使用表AUTO_INCREMENT `bk_link`
--
ALTER TABLE `bk_link`
  MODIFY `id` int(11) NOT NULL AUTO_INCREMENT COMMENT '链接id', AUTO_INCREMENT=18;
--
-- 使用表AUTO_INCREMENT `bk_user`
--
ALTER TABLE `bk_user`
  MODIFY `id` int(11) NOT NULL AUTO_INCREMENT, AUTO_INCREMENT=9;
--
-- 使用表AUTO_INCREMENT `bk_zpadmin`
--
ALTER TABLE `bk_zpadmin`
  MODIFY `id` int(10) UNSIGNED NOT NULL AUTO_INCREMENT COMMENT '成员ID', AUTO_INCREMENT=346;
--
-- 使用表AUTO_INCREMENT `bk_zupugx`
--
ALTER TABLE `bk_zupugx`
  MODIFY `id` int(11) NOT NULL AUTO_INCREMENT COMMENT '关系ID';
/*!40101 SET CHARACTER_SET_CLIENT=@OLD_CHARACTER_SET_CLIENT */;
/*!40101 SET CHARACTER_SET_RESULTS=@OLD_CHARACTER_SET_RESULTS */;
/*!40101 SET COLLATION_CONNECTION=@OLD_COLLATION_CONNECTION */;
